"","...1","objid","poi_id","kategorie","quartier","strasse","baumgattunglat","baumartlat","baumnamelat","baumnamedeu","baumnummer","status","baumtyp","baumtyptext","pflanzjahr","genauigkeit","kronendurchmesser","geometry","baumnamedeu_kompakt","che_y","che_x","lat.1","lat.2","lat.3","lat.4","lat.5","lat.6","lat.7","lat.8","lat.9","lat.10","lat.11","lat.12","lat.13","lat.14","lat.15","lat.16","lat.17","lat.18","lat.19","lat.20","lat.21","lat.22","lat.23","lat.24","lat.25","lat.26","lat.27","lat.28","lat.29","lat.30","lat.31","lat.32","lat.33","lat.34","lat.35","lat.36","lat.37","lat.38","lat.39","lat.40","lat.41","lat.42","lat.43","lat.44","lat.45","lat.46","lat.47","lat.48","lat.49","lat.50","lng.1","lng.2","lng.3","lng.4","lng.5","lng.6","lng.7","lng.8","lng.9","lng.10","lng.11","lng.12","lng.13","lng.14","lng.15","lng.16","lng.17","lng.18","lng.19","lng.20","lng.21","lng.22","lng.23","lng.24","lng.25","lng.26","lng.27","lng.28","lng.29","lng.30","lng.31","lng.32","lng.33","lng.34","lng.35","lng.36","lng.37","lng.38","lng.39","lng.40","lng.41","lng.42","lng.43","lng.44","lng.45","lng.46","lng.47","lng.48","lng.49","lng.50"
"1", 1,  0,"SW-607","Strassenbaum","Schwamendingen-Mitte","Ueberlandstr.","Acer","pseudoplatanus","Acer pseudoplatanus","Berg-Ahorn, Wald-Ahorn","SW-607","Strassenbaum",0,"nicht zugeordnet",NA,"Eingemessen",14,"POINT (2686027.5 1251531.4)","Berg-Ahorn, Wald-Ahorn",2686028,1251531,47.40897,47.40898,47.40898,47.40898,47.40898,47.40899,47.40899,47.40899,47.40900,47.40900,47.40900,47.40900,47.40984,47.40903,47.40883,47.40883,47.40883,47.40883,47.40883,47.40883,47.40883,47.40883,47.40883,47.40883,47.40883,47.40882,47.40882,47.40882,47.40882,47.40882,47.40882,47.40882,47.40882,47.40881,47.40882,47.40894,47.40894,47.40894,47.40894,47.40894,47.40895,47.40895,47.40895,47.40895,47.40895,47.40895,47.40896,47.40896,47.40896,47.40896,8.578452,8.577825,8.577701,8.577578,8.577452,8.577330,8.576829,8.576703,8.576332,8.576200,8.576074,8.575952,8.486521,8.572875,8.592607,8.592660,8.592830,8.592951,8.592932,8.593064,8.593144,8.593263,8.593243,8.593378,8.593458,8.593554,8.593574,8.593770,8.593881,8.594001,8.594080,8.594194,8.594313,8.594849,8.594177,8.581945,8.581824,8.581702,8.581578,8.581450,8.581323,8.581201,8.581068,8.580700,8.580578,8.580446,8.580289,8.580174,8.579810,8.579571
"2", 2,  3,"SW-612","Strassenbaum","Schwamendingen-Mitte","Ueberlandstr.","Acer","platanoides","Acer platanoides","Spitz-Ahorn","SW-612","Strassenbaum",0,"nicht zugeordnet",NA,"Eingemessen",12,"POINT (2685980.2 1251548)","Spitz-Ahorn",2685980,1251548,47.40912,47.40913,47.40913,47.40913,47.40913,47.40913,47.40914,47.40914,47.40914,47.40915,47.40915,47.40915,47.40999,47.40918,47.40898,47.40898,47.40898,47.40898,47.40898,47.40898,47.40898,47.40898,47.40898,47.40898,47.40897,47.40897,47.40897,47.40897,47.40897,47.40897,47.40897,47.40897,47.40897,47.40896,47.40897,47.40909,47.40909,47.40909,47.40909,47.40909,47.40910,47.40910,47.40910,47.40910,47.40910,47.40910,47.40911,47.40911,47.40911,47.40911,8.578455,8.577829,8.577704,8.577581,8.577455,8.577333,8.576832,8.576706,8.576336,8.576203,8.576077,8.575955,8.486524,8.572878,8.592610,8.592663,8.592833,8.592955,8.592935,8.593067,8.593147,8.593266,8.593246,8.593381,8.593461,8.593557,8.593577,8.593773,8.593885,8.594004,8.594083,8.594197,8.594317,8.594852,8.594180,8.581949,8.581827,8.581705,8.581582,8.581453,8.581326,8.581204,8.581072,8.580703,8.580581,8.580449,8.580293,8.580177,8.579813,8.579575
"3", 3,  6,"SW-613","Strassenbaum","Schwamendingen-Mitte","Ueberlandstr.","Acer","platanoides","Acer platanoides","Spitz-Ahorn","SW-613","Strassenbaum",0,"nicht zugeordnet",NA,"Eingemessen",16,"POINT (2685970.8 1251551.4)","Spitz-Ahorn",2685971,1251551,47.40915,47.40916,47.40916,47.40916,47.40916,47.40917,47.40917,47.40917,47.40918,47.40918,47.40918,47.40918,47.41002,47.40921,47.40901,47.40901,47.40901,47.40901,47.40901,47.40901,47.40901,47.40901,47.40901,47.40901,47.40901,47.40900,47.40900,47.40900,47.40900,47.40900,47.40900,47.40900,47.40900,47.40899,47.40900,47.40912,47.40912,47.40912,47.40912,47.40912,47.40913,47.40913,47.40913,47.40913,47.40913,47.40913,47.40914,47.40914,47.40914,47.40914,8.578456,8.577829,8.577705,8.577581,8.577456,8.577334,8.576833,8.576707,8.576336,8.576204,8.576078,8.575956,8.486525,8.572879,8.592611,8.592664,8.592834,8.592955,8.592936,8.593068,8.593147,8.593267,8.593247,8.593382,8.593461,8.593558,8.593578,8.593774,8.593885,8.594005,8.594084,8.594198,8.594317,8.594852,8.594181,8.581949,8.581827,8.581705,8.581582,8.581454,8.581327,8.581205,8.581072,8.580704,8.580582,8.580450,8.580293,8.580178,8.579814,8.579575
"4", 4,  9,"SW-614","Strassenbaum","Schwamendingen-Mitte","Ueberlandstr. 367","Acer","platanoides","Acer platanoides","Spitz-Ahorn","SW-614","Strassenbaum",0,"nicht zugeordnet",2003,"Eingemessen", 6,"POINT (2685961.5 1251554.8)","Spitz-Ahorn",2685962,1251555,47.40918,47.40919,47.40919,47.40919,47.40919,47.40920,47.40920,47.40920,47.40921,47.40921,47.40921,47.40921,47.41005,47.40924,47.40904,47.40904,47.40904,47.40904,47.40904,47.40904,47.40904,47.40904,47.40904,47.40904,47.40904,47.40903,47.40903,47.40903,47.40903,47.40903,47.40903,47.40903,47.40903,47.40902,47.40903,47.40915,47.40915,47.40915,47.40915,47.40916,47.40916,47.40916,47.40916,47.40916,47.40916,47.40917,47.40917,47.40917,47.40917,47.40917,8.578456,8.577830,8.577705,8.577582,8.577456,8.577334,8.576834,8.576708,8.576337,8.576204,8.576079,8.575957,8.486525,8.572879,8.592612,8.592665,8.592834,8.592956,8.592936,8.593069,8.593148,8.593267,8.593247,8.593383,8.593462,8.593559,8.593579,8.593775,8.593886,8.594005,8.594085,8.594199,8.594318,8.594853,8.594181,8.581950,8.581828,8.581706,8.581583,8.581454,8.581327,8.581205,8.581073,8.580705,8.580583,8.580450,8.580294,8.580179,8.579814,8.579576
"5", 5, 12,"SW-615","Strassenbaum","Schwamendingen-Mitte","Ueberlandstr.","Acer","pseudoplatanus","Acer pseudoplatanus","Berg-Ahorn, Wald-Ahorn","SW-615","Strassenbaum",0,"nicht zugeordnet",NA,"Eingemessen",16,"POINT (2685952 1251558.2)","Berg-Ahorn, Wald-Ahorn",2685952,1251558,47.40922,47.40922,47.40922,47.40922,47.40923,47.40923,47.40923,47.40923,47.40924,47.40924,47.40924,47.40924,47.41009,47.40927,47.40907,47.40907,47.40907,47.40907,47.40907,47.40907,47.40907,47.40907,47.40907,47.40907,47.40907,47.40907,47.40907,47.40906,47.40906,47.40906,47.40906,47.40906,47.40906,47.40905,47.40906,47.40918,47.40918,47.40918,47.40918,47.40919,47.40919,47.40919,47.40919,47.40919,47.40919,47.40920,47.40920,47.40920,47.40920,47.40920,8.578457,8.577831,8.577706,8.577583,8.577457,8.577335,8.576834,8.576708,8.576338,8.576205,8.576079,8.575957,8.486526,8.572880,8.592612,8.592665,8.592835,8.592957,8.592937,8.593069,8.593149,8.593268,8.593248,8.593383,8.593463,8.593559,8.593579,8.593775,8.593887,8.594006,8.594085,8.594199,8.594319,8.594854,8.594182,8.581951,8.581829,8.581707,8.581584,8.581455,8.581328,8.581206,8.581074,8.580705,8.580583,8.580451,8.580295,8.580179,8.579815,8.579577
"6", 6, 15,"SW-616","Strassenbaum","Schwamendingen-Mitte","Ueberlandstr.","Acer","pseudoplatanus","Acer pseudoplatanus","Berg-Ahorn, Wald-Ahorn","SW-616","Strassenbaum",0,"nicht zugeordnet",NA,"Eingemessen",12,"POINT (2685942.8 1251561.6)","Berg-Ahorn, Wald-Ahorn",2685943,1251562,47.40925,47.40925,47.40925,47.40925,47.40926,47.40926,47.40926,47.40926,47.40927,47.40927,47.40927,47.40927,47.41012,47.40930,47.40911,47.40911,47.40910,47.40910,47.40910,47.40910,47.40910,47.40910,47.40910,47.40910,47.40910,47.40910,47.40910,47.40909,47.40909,47.40909,47.40909,47.40909,47.40909,47.40908,47.40909,47.40921,47.40921,47.40921,47.40922,47.40922,47.40922,47.40922,47.40922,47.40922,47.40922,47.40923,47.40923,47.40923,47.40923,47.40923,8.578458,8.577831,8.577707,8.577583,8.577458,8.577336,8.576835,8.576709,8.576338,8.576206,8.576080,8.575958,8.486527,8.572881,8.592613,8.592666,8.592835,8.592957,8.592937,8.593070,8.593149,8.593269,8.593249,8.593384,8.593463,8.593560,8.593580,8.593776,8.593887,8.594007,8.594086,8.594200,8.594319,8.594854,8.594183,8.581951,8.581829,8.581707,8.581584,8.581456,8.581329,8.581207,8.581074,8.580706,8.580584,8.580452,8.580295,8.580180,8.579816,8.579577
"7", 7, 18,"SW-620","Strassenbaum","Schwamendingen-Mitte","Ueberlandstr.","Acer","platanoides","Acer platanoides","Spitz-Ahorn","SW-620","Strassenbaum",0,"nicht zugeordnet",NA,"Eingemessen",15,"POINT (2685905 1251574.8)","Spitz-Ahorn",2685905,1251575,47.40936,47.40937,47.40937,47.40937,47.40937,47.40938,47.40938,47.40938,47.40939,47.40939,47.40939,47.40939,47.41023,47.40942,47.40922,47.40922,47.40922,47.40922,47.40922,47.40922,47.40922,47.40922,47.40922,47.40922,47.40922,47.40921,47.40921,47.40921,47.40921,47.40921,47.40921,47.40921,47.40921,47.40920,47.40921,47.40933,47.40933,47.40933,47.40933,47.40934,47.40934,47.40934,47.40934,47.40934,47.40934,47.40935,47.40935,47.40935,47.40935,47.40935,8.578460,8.577834,8.577709,8.577586,8.577460,8.577338,8.576837,8.576712,8.576341,8.576208,8.576082,8.575960,8.486529,8.572883,8.592616,8.592668,8.592838,8.592960,8.592940,8.593073,8.593152,8.593271,8.593251,8.593387,8.593466,8.593563,8.593583,8.593779,8.593890,8.594009,8.594089,8.594203,8.594322,8.594857,8.594185,8.581954,8.581832,8.581710,8.581587,8.581458,8.581331,8.581209,8.581077,8.580708,8.580587,8.580454,8.580298,8.580183,8.579818,8.579580
"8", 8, 21,"SW-621","Strassenbaum","Schwamendingen-Mitte","Ueberlandstr.","Acer","platanoides","Acer platanoides","Spitz-Ahorn","SW-621","Strassenbaum",0,"nicht zugeordnet",1995,"Eingemessen", 7,"POINT (2685895.5 1251578)","Spitz-Ahorn",2685896,1251578,47.40939,47.40940,47.40940,47.40940,47.40940,47.40940,47.40941,47.40941,47.40941,47.40942,47.40942,47.40942,47.41026,47.40945,47.40925,47.40925,47.40925,47.40925,47.40925,47.40925,47.40925,47.40925,47.40925,47.40925,47.40924,47.40924,47.40924,47.40924,47.40924,47.40924,47.40924,47.40924,47.40924,47.40923,47.40924,47.40936,47.40936,47.40936,47.40936,47.40936,47.40937,47.40937,47.40937,47.40937,47.40937,47.40937,47.40938,47.40938,47.40938,47.40938,8.578461,8.577834,8.577710,8.577587,8.577461,8.577339,8.576838,8.576712,8.576341,8.576209,8.576083,8.575961,8.486529,8.572884,8.592616,8.592669,8.592839,8.592961,8.592941,8.593073,8.593153,8.593272,8.593252,8.593387,8.593467,8.593563,8.593583,8.593779,8.593891,8.594010,8.594089,8.594203,8.594322,8.594858,8.594186,8.581954,8.581833,8.581711,8.581587,8.581459,8.581332,8.581210,8.581077,8.580709,8.580587,8.580455,8.580298,8.580183,8.579819,8.579580
"9", 9, 24,"SW-624","Strassenbaum","Schwamendingen-Mitte","Ueberlandstr.","Acer","platanoides","Acer platanoides","Spitz-Ahorn","SW-624","Strassenbaum",0,"nicht zugeordnet",2003,"Eingemessen", 5,"POINT (2685867.5 1251587.9)","Spitz-Ahorn",2685868,1251588,47.40948,47.40949,47.40949,47.40949,47.40949,47.40949,47.40950,47.40950,47.40950,47.40950,47.40951,47.40951,47.41035,47.40954,47.40934,47.40934,47.40934,47.40934,47.40934,47.40934,47.40934,47.40934,47.40934,47.40933,47.40933,47.40933,47.40933,47.40933,47.40933,47.40933,47.40933,47.40933,47.40933,47.40932,47.40933,47.40945,47.40945,47.40945,47.40945,47.40945,47.40945,47.40946,47.40946,47.40946,47.40946,47.40946,47.40946,47.40947,47.40947,47.40947,8.578463,8.577836,8.577712,8.577589,8.577463,8.577341,8.576840,8.576714,8.576343,8.576211,8.576085,8.575963,8.486531,8.572886,8.592618,8.592671,8.592841,8.592962,8.592943,8.593075,8.593155,8.593274,8.593254,8.593389,8.593469,8.593565,8.593585,8.593781,8.593892,8.594012,8.594091,8.594205,8.594324,8.594860,8.594188,8.581956,8.581834,8.581713,8.581589,8.581461,8.581334,8.581212,8.581079,8.580711,8.580589,8.580457,8.580300,8.580185,8.579821,8.579582
"10",10, 27,"SW-1138","Strassenbaum","Schwamendingen-Mitte","Ueberlandstr.","Acer","platanoides","Acer platanoides","Spitz-Ahorn","SW-1138","Strassenbaum",0,"nicht zugeordnet",2003,"Eingemessen", 5,"POINT (2685857.5 1251591.5)","Spitz-Ahorn",2685858,1251592,47.40951,47.40952,47.40952,47.40952,47.40952,47.40953,47.40953,47.40953,47.40954,47.40954,47.40954,47.40954,47.41038,47.40957,47.40937,47.40937,47.40937,47.40937,47.40937,47.40937,47.40937,47.40937,47.40937,47.40937,47.40937,47.40936,47.40936,47.40936,47.40936,47.40936,47.40936,47.40936,47.40936,47.40935,47.40936,47.40948,47.40948,47.40948,47.40948,47.40949,47.40949,47.40949,47.40949,47.40949,47.40949,47.40950,47.40950,47.40950,47.40950,47.40950,8.578464,8.577837,8.577712,8.577589,8.577463,8.577341,8.576841,8.576715,8.576344,8.576211,8.576086,8.575964,8.486532,8.572886,8.592619,8.592672,8.592841,8.592963,8.592943,8.593076,8.593155,8.593275,8.593255,8.593390,8.593469,8.593566,8.593586,8.593782,8.593893,8.594012,8.594092,8.594206,8.594325,8.594860,8.594189,8.581957,8.581835,8.581713,8.581590,8.581462,8.581334,8.581212,8.581080,8.580712,8.580590,8.580457,8.580301,8.580186,8.579821,8.579583
"11",11, 30,"SW-626","Strassenbaum","Schwamendingen-Mitte","Ueberlandstr.","Acer","platanoides","Acer platanoides","Spitz-Ahorn","SW-626","Strassenbaum",0,"nicht zugeordnet",NA,"Eingemessen",14,"POINT (2685848 1251594.9)","Spitz-Ahorn",2685848,1251595,47.40955,47.40955,47.40955,47.40955,47.40956,47.40956,47.40956,47.40956,47.40957,47.40957,47.40957,47.40957,47.41042,47.40960,47.40941,47.40940,47.40940,47.40940,47.40940,47.40940,47.40940,47.40940,47.40940,47.40940,47.40940,47.40940,47.40940,47.40939,47.40939,47.40939,47.40939,47.40939,47.40939,47.40938,47.40939,47.40951,47.40951,47.40951,47.40951,47.40952,47.40952,47.40952,47.40952,47.40952,47.40952,47.40953,47.40953,47.40953,47.40953,47.40953,8.578464,8.577838,8.577713,8.577590,8.577464,8.577342,8.576841,8.576715,8.576345,8.576212,8.576086,8.575964,8.486532,8.572887,8.592619,8.592672,8.592842,8.592964,8.592944,8.593076,8.593156,8.593275,8.593255,8.593390,8.593470,8.593567,8.593586,8.593783,8.593894,8.594013,8.594093,8.594206,8.594326,8.594861,8.594189,8.581958,8.581836,8.581714,8.581591,8.581462,8.581335,8.581213,8.581081,8.580712,8.580590,8.580458,8.580302,8.580186,8.579822,8.579584
"12",12, 33,"SW-1241","Strassenbaum","Schwamendingen-Mitte","Ueberlandstr. 269","Acer","platanoides","Acer platanoides 'Eurostar'","Spitz-Ahorn","SW-1241","Strassenbaum",0,"nicht zugeordnet",2006,"Eingemessen", 5,"POINT (2685838.8 1251598)","Spitz-Ahorn",2685839,1251598,47.40957,47.40958,47.40958,47.40958,47.40958,47.40958,47.40959,47.40959,47.40959,47.40960,47.40960,47.40960,47.41044,47.40963,47.40943,47.40943,47.40943,47.40943,47.40943,47.40943,47.40943,47.40943,47.40943,47.40943,47.40942,47.40942,47.40942,47.40942,47.40942,47.40942,47.40942,47.40942,47.40942,47.40941,47.40942,47.40954,47.40954,47.40954,47.40954,47.40954,47.40954,47.40955,47.40955,47.40955,47.40955,47.40955,47.40956,47.40956,47.40956,47.40956,8.578465,8.577838,8.577714,8.577590,8.577465,8.577343,8.576842,8.576716,8.576345,8.576213,8.576087,8.575965,8.486533,8.572887,8.592620,8.592673,8.592843,8.592964,8.592945,8.593077,8.593157,8.593276,8.593256,8.593391,8.593471,8.593567,8.593587,8.593783,8.593894,8.594014,8.594093,8.594207,8.594326,8.594862,8.594190,8.581958,8.581836,8.581714,8.581591,8.581463,8.581336,8.581214,8.581081,8.580713,8.580591,8.580459,8.580302,8.580187,8.579823,8.579584
"13",13, 36,"AR-2952","Parkbaum","Albisrieden","GZ Bachwiesen","Salix","alba","Salix alba","Weiss-Weide, Silber-Weide","AR-2952","Grünanlage",0,"nicht zugeordnet",2021,"Bildschirmeingabe", 8,"POINT (2679088.2 1248229.2)","Weiss-Weide, Silber-Weide",2679088,1248229,47.37928,47.37928,47.37928,47.37929,47.37929,47.37929,47.37929,47.37929,47.37930,47.37930,47.37930,47.37930,47.38015,47.37933,47.37914,47.37914,47.37913,47.37913,47.37913,47.37913,47.37913,47.37913,47.37913,47.37913,47.37913,47.37913,47.37913,47.37912,47.37912,47.37912,47.37912,47.37912,47.37912,47.37911,47.37912,47.37924,47.37924,47.37924,47.37925,47.37925,47.37925,47.37925,47.37925,47.37925,47.37926,47.37926,47.37926,47.37926,47.37926,47.37927,8.577817,8.577191,8.577066,8.576943,8.576818,8.576696,8.576195,8.576069,8.575699,8.575566,8.575441,8.575319,8.485938,8.572243,8.591964,8.592017,8.592187,8.592309,8.592289,8.592421,8.592501,8.592620,8.592600,8.592735,8.592814,8.592911,8.592931,8.593127,8.593238,8.593357,8.593437,8.593550,8.593670,8.594205,8.593533,8.581309,8.581187,8.581065,8.580942,8.580813,8.580686,8.580564,8.580432,8.580064,8.579942,8.579810,8.579654,8.579538,8.579174,8.578936
"14",14, 39,"SW-4456","Parkbaum","Schwamendingen-Mitte","Herzogenmühlestr.","Prunus","avium","Prunus avium cv.","Süss-Kirsche-Obstgehölz, Sorte unbekannt","SW-4456","Grünanlage",6,"Obstbäume",1950,"Eingemessen",12,"POINT (2685606.5 1251149.2)","Süss-Kirsche-Obstgehölz",2685606,1251149,47.40554,47.40554,47.40554,47.40555,47.40555,47.40555,47.40555,47.40555,47.40556,47.40556,47.40556,47.40556,47.40641,47.40559,47.40540,47.40540,47.40539,47.40539,47.40539,47.40539,47.40539,47.40539,47.40539,47.40539,47.40539,47.40539,47.40539,47.40539,47.40538,47.40538,47.40538,47.40538,47.40538,47.40537,47.40538,47.40550,47.40550,47.40551,47.40551,47.40551,47.40551,47.40551,47.40551,47.40551,47.40552,47.40552,47.40552,47.40552,47.40552,47.40553,8.578378,8.577752,8.577627,8.577504,8.577378,8.577256,8.576756,8.576630,8.576259,8.576127,8.576001,8.575879,8.486454,8.572802,8.592533,8.592586,8.592755,8.592877,8.592857,8.592990,8.593069,8.593188,8.593168,8.593304,8.593383,8.593480,8.593500,8.593696,8.593807,8.593926,8.594006,8.594120,8.594239,8.594774,8.594102,8.581872,8.581750,8.581628,8.581505,8.581376,8.581249,8.581127,8.580995,8.580626,8.580505,8.580372,8.580216,8.580101,8.579736,8.579498
"15",15, 42,"SW-9799","Parkbaum","Hirzenbach","Sportanlage Heerenschürli /Ueberlandstr.","Acer","pseudoplatanus","Acer pseudoplatanus","Berg-Ahorn, Wald-Ahorn","SW-9799","Grünanlage",0,"nicht zugeordnet",NA,"Eingemessen", 8,"POINT (2687096 1251114.1)","Berg-Ahorn, Wald-Ahorn",2687096,1251114,47.40522,47.40523,47.40523,47.40523,47.40523,47.40523,47.40524,47.40524,47.40524,47.40524,47.40524,47.40525,47.40609,47.40528,47.40508,47.40508,47.40508,47.40508,47.40508,47.40508,47.40508,47.40507,47.40507,47.40507,47.40507,47.40507,47.40507,47.40507,47.40507,47.40507,47.40507,47.40507,47.40506,47.40506,47.40507,47.40519,47.40519,47.40519,47.40519,47.40519,47.40519,47.40519,47.40520,47.40520,47.40520,47.40520,47.40520,47.40520,47.40521,47.40521,8.578372,8.577745,8.577621,8.577497,8.577372,8.577250,8.576749,8.576623,8.576252,8.576120,8.575994,8.575872,8.486447,8.572795,8.592526,8.592579,8.592748,8.592870,8.592850,8.592983,8.593062,8.593181,8.593162,8.593297,8.593376,8.593473,8.593493,8.593689,8.593800,8.593919,8.593999,8.594113,8.594232,8.594767,8.594096,8.581865,8.581743,8.581621,8.581498,8.581369,8.581242,8.581120,8.580988,8.580620,8.580498,8.580365,8.580209,8.580094,8.579730,8.579491
"16",16, 45,"SW-9800","Parkbaum","Hirzenbach","Sportanlage Heerenschürli /Ueberlandstr.","Acer","campestre","Acer campestre","Feld-Ahorn, Hecken-Ahorn","SW-9800","Grünanlage",0,"nicht zugeordnet",NA,"Eingemessen", 9,"POINT (2687100 1251117.4)","Feld-Ahorn, Hecken-Ahorn",2687100,1251117,47.40525,47.40526,47.40526,47.40526,47.40526,47.40526,47.40527,47.40527,47.40527,47.40527,47.40527,47.40528,47.40612,47.40531,47.40511,47.40511,47.40511,47.40511,47.40511,47.40511,47.40511,47.40510,47.40510,47.40510,47.40510,47.40510,47.40510,47.40510,47.40510,47.40510,47.40510,47.40509,47.40509,47.40509,47.40510,47.40522,47.40522,47.40522,47.40522,47.40522,47.40522,47.40522,47.40523,47.40523,47.40523,47.40523,47.40523,47.40523,47.40524,47.40524,8.578372,8.577746,8.577621,8.577498,8.577372,8.577250,8.576750,8.576624,8.576253,8.576120,8.575995,8.575873,8.486448,8.572795,8.592526,8.592579,8.592749,8.592871,8.592851,8.592983,8.593063,8.593182,8.593162,8.593297,8.593377,8.593474,8.593493,8.593689,8.593801,8.593920,8.593999,8.594113,8.594233,8.594768,8.594096,8.581866,8.581744,8.581622,8.581499,8.581370,8.581243,8.581121,8.580989,8.580620,8.580498,8.580366,8.580210,8.580094,8.579730,8.579492
"17",17, 48,"SW-942","Strassenbaum","Hirzenbach","Sportanlage Heerenschürli /Ueberlandstr.","Acer","pseudoplatanus","Acer pseudoplatanus","Berg-Ahorn, Wald-Ahorn","SW-942","Strassenbaum (A)",0,"nicht zugeordnet",1978,"Eingemessen", 7,"POINT (2687112.8 1251112)","Berg-Ahorn, Wald-Ahorn",2687113,1251112,47.40520,47.40521,47.40521,47.40521,47.40521,47.40521,47.40522,47.40522,47.40522,47.40522,47.40523,47.40523,47.40607,47.40526,47.40506,47.40506,47.40506,47.40506,47.40506,47.40506,47.40506,47.40506,47.40506,47.40505,47.40505,47.40505,47.40505,47.40505,47.40505,47.40505,47.40505,47.40505,47.40505,47.40504,47.40505,47.40517,47.40517,47.40517,47.40517,47.40517,47.40517,47.40518,47.40518,47.40518,47.40518,47.40518,47.40518,47.40519,47.40519,47.40519,8.578371,8.577745,8.577620,8.577497,8.577371,8.577249,8.576749,8.576623,8.576252,8.576119,8.575994,8.575872,8.486447,8.572794,8.592525,8.592578,8.592748,8.592870,8.592850,8.592982,8.593062,8.593181,8.593161,8.593296,8.593376,8.593473,8.593492,8.593688,8.593800,8.593919,8.593998,8.594112,8.594232,8.594767,8.594095,8.581864,8.581743,8.581621,8.581498,8.581369,8.581242,8.581120,8.580988,8.580619,8.580497,8.580365,8.580209,8.580093,8.579729,8.579491
"18",18, 51,"SW-941","Strassenbaum","Hirzenbach","Sportanlage Heerenschürli /Ueberlandstr.","Acer","pseudoplatanus","Acer pseudoplatanus","Berg-Ahorn, Wald-Ahorn","SW-941","Strassenbaum (A)",0,"nicht zugeordnet",1978,"Eingemessen", 8,"POINT (2687122 1251112.4)","Berg-Ahorn, Wald-Ahorn",2687122,1251112,47.40521,47.40521,47.40521,47.40521,47.40522,47.40522,47.40522,47.40522,47.40523,47.40523,47.40523,47.40523,47.40608,47.40526,47.40507,47.40507,47.40506,47.40506,47.40506,47.40506,47.40506,47.40506,47.40506,47.40506,47.40506,47.40506,47.40506,47.40505,47.40505,47.40505,47.40505,47.40505,47.40505,47.40504,47.40505,47.40517,47.40517,47.40517,47.40518,47.40518,47.40518,47.40518,47.40518,47.40518,47.40519,47.40519,47.40519,47.40519,47.40519,47.40520,8.578371,8.577745,8.577620,8.577497,8.577371,8.577249,8.576749,8.576623,8.576252,8.576119,8.575994,8.575872,8.486447,8.572795,8.592525,8.592578,8.592748,8.592870,8.592850,8.592982,8.593062,8.593181,8.593161,8.593296,8.593376,8.593473,8.593492,8.593689,8.593800,8.593919,8.593998,8.594112,8.594232,8.594767,8.594095,8.581865,8.581743,8.581621,8.581498,8.581369,8.581242,8.581120,8.580988,8.580619,8.580497,8.580365,8.580209,8.580093,8.579729,8.579491
"19",19, 54,"SW-943","Strassenbaum","Hirzenbach","Sportanlage Heerenschürli /Ueberlandstr.","Acer","platanoides","Acer platanoides","Spitz-Ahorn","SW-943","Strassenbaum (A)",0,"nicht zugeordnet",1978,"Eingemessen", 8,"POINT (2687120.5 1251097)","Spitz-Ahorn",2687120,1251097,47.40507,47.40507,47.40508,47.40508,47.40508,47.40508,47.40508,47.40508,47.40509,47.40509,47.40509,47.40509,47.40594,47.40512,47.40493,47.40493,47.40493,47.40492,47.40492,47.40492,47.40492,47.40492,47.40492,47.40492,47.40492,47.40492,47.40492,47.40492,47.40491,47.40491,47.40491,47.40491,47.40491,47.40490,47.40491,47.40503,47.40503,47.40504,47.40504,47.40504,47.40504,47.40504,47.40504,47.40505,47.40505,47.40505,47.40505,47.40505,47.40505,47.40506,8.578368,8.577742,8.577617,8.577494,8.577368,8.577246,8.576746,8.576620,8.576249,8.576117,8.575991,8.575869,8.486444,8.572792,8.592522,8.592575,8.592745,8.592867,8.592847,8.592979,8.593059,8.593178,8.593158,8.593293,8.593373,8.593470,8.593489,8.593686,8.593797,8.593916,8.593995,8.594109,8.594229,8.594764,8.594092,8.581862,8.581740,8.581618,8.581495,8.581366,8.581239,8.581117,8.580985,8.580616,8.580495,8.580362,8.580206,8.580091,8.579726,8.579488
"20",20, 57,"SW-940","Strassenbaum","Hirzenbach","Sportanlage Heerenschürli /Ueberlandstr.","Acer","pseudoplatanus","Acer pseudoplatanus","Berg-Ahorn, Wald-Ahorn","SW-940","Strassenbaum (A)",0,"nicht zugeordnet",1978,"Eingemessen", 8,"POINT (2687130.5 1251109)","Berg-Ahorn, Wald-Ahorn",2687130,1251109,47.40518,47.40518,47.40518,47.40518,47.40519,47.40519,47.40519,47.40519,47.40520,47.40520,47.40520,47.40520,47.40605,47.40523,47.40504,47.40503,47.40503,47.40503,47.40503,47.40503,47.40503,47.40503,47.40503,47.40503,47.40503,47.40503,47.40503,47.40502,47.40502,47.40502,47.40502,47.40502,47.40502,47.40501,47.40502,47.40514,47.40514,47.40514,47.40514,47.40515,47.40515,47.40515,47.40515,47.40515,47.40515,47.40516,47.40516,47.40516,47.40516,47.40516,8.578371,8.577744,8.577620,8.577496,8.577371,8.577249,8.576748,8.576622,8.576251,8.576119,8.575993,8.575871,8.486447,8.572794,8.592525,8.592578,8.592747,8.592869,8.592849,8.592982,8.593061,8.593181,8.593161,8.593296,8.593375,8.593472,8.593492,8.593688,8.593799,8.593918,8.593998,8.594112,8.594231,8.594766,8.594095,8.581864,8.581742,8.581620,8.581497,8.581368,8.581241,8.581119,8.580987,8.580619,8.580497,8.580364,8.580208,8.580093,8.579729,8.579490
"21",21, 60,"SW-939","Strassenbaum","Hirzenbach","Sportanlage Heerenschürli /Ueberlandstr.","Acer","platanoides","Acer platanoides","Spitz-Ahorn","SW-939","Strassenbaum (A)",0,"nicht zugeordnet",1978,"Eingemessen", 8,"POINT (2687136.5 1251102.5)","Spitz-Ahorn",2687136,1251102,47.40512,47.40512,47.40512,47.40513,47.40513,47.40513,47.40513,47.40513,47.40514,47.40514,47.40514,47.40514,47.40599,47.40517,47.40498,47.40498,47.40497,47.40497,47.40497,47.40497,47.40497,47.40497,47.40497,47.40497,47.40497,47.40497,47.40497,47.40497,47.40496,47.40496,47.40496,47.40496,47.40496,47.40495,47.40496,47.40508,47.40508,47.40509,47.40509,47.40509,47.40509,47.40509,47.40509,47.40509,47.40510,47.40510,47.40510,47.40510,47.40510,47.40511,8.578369,8.577743,8.577618,8.577495,8.577369,8.577248,8.576747,8.576621,8.576250,8.576118,8.575992,8.575870,8.486445,8.572793,8.592524,8.592577,8.592746,8.592868,8.592848,8.592981,8.593060,8.593179,8.593159,8.593294,8.593374,8.593471,8.593491,8.593687,8.593798,8.593917,8.593997,8.594110,8.594230,8.594765,8.594093,8.581863,8.581741,8.581619,8.581496,8.581367,8.581240,8.581118,8.580986,8.580617,8.580496,8.580363,8.580207,8.580092,8.579727,8.579489
"22",22, 63,"SW-938","Strassenbaum","Hirzenbach","Sportanlage Heerenschürli /Ueberlandstr.","Acer","platanoides","Acer platanoides","Spitz-Ahorn","SW-938","Strassenbaum (A)",0,"nicht zugeordnet",1978,"Eingemessen", 7,"POINT (2687145.5 1251103.1)","Spitz-Ahorn",2687146,1251103,47.40512,47.40513,47.40513,47.40513,47.40513,47.40513,47.40514,47.40514,47.40514,47.40514,47.40515,47.40515,47.40599,47.40518,47.40498,47.40498,47.40498,47.40498,47.40498,47.40498,47.40498,47.40498,47.40498,47.40497,47.40497,47.40497,47.40497,47.40497,47.40497,47.40497,47.40497,47.40497,47.40497,47.40496,47.40497,47.40509,47.40509,47.40509,47.40509,47.40509,47.40509,47.40510,47.40510,47.40510,47.40510,47.40510,47.40510,47.40511,47.40511,47.40511,8.578370,8.577743,8.577619,8.577495,8.577369,8.577248,8.576747,8.576621,8.576250,8.576118,8.575992,8.575870,8.486446,8.572793,8.592524,8.592577,8.592746,8.592868,8.592848,8.592981,8.593060,8.593179,8.593159,8.593295,8.593374,8.593471,8.593491,8.593687,8.593798,8.593917,8.593997,8.594111,8.594230,8.594765,8.594093,8.581863,8.581741,8.581619,8.581496,8.581367,8.581240,8.581118,8.580986,8.580618,8.580496,8.580363,8.580207,8.580092,8.579727,8.579489
"23",23, 66,"SW-944","Strassenbaum","Hirzenbach","Sportanlage Heerenschürli /Ueberlandstr.","Acer","platanoides","Acer platanoides","Spitz-Ahorn","SW-944","Strassenbaum (A)",0,"nicht zugeordnet",1978,"Eingemessen", 7,"POINT (2687144 1251087.8)","Spitz-Ahorn",2687144,1251088,47.40498,47.40499,47.40499,47.40499,47.40499,47.40500,47.40500,47.40500,47.40501,47.40501,47.40501,47.40501,47.40585,47.40504,47.40484,47.40484,47.40484,47.40484,47.40484,47.40484,47.40484,47.40484,47.40484,47.40484,47.40484,47.40484,47.40483,47.40483,47.40483,47.40483,47.40483,47.40483,47.40483,47.40482,47.40483,47.40495,47.40495,47.40495,47.40495,47.40496,47.40496,47.40496,47.40496,47.40496,47.40496,47.40497,47.40497,47.40497,47.40497,47.40497,8.578367,8.577740,8.577616,8.577492,8.577367,8.577245,8.576744,8.576618,8.576247,8.576115,8.575989,8.575867,8.486443,8.572790,8.592521,8.592574,8.592743,8.592865,8.592845,8.592978,8.593057,8.593176,8.593157,8.593292,8.593371,8.593468,8.593488,8.593684,8.593795,8.593914,8.593994,8.594108,8.594227,8.594762,8.594090,8.581860,8.581738,8.581616,8.581493,8.581364,8.581237,8.581115,8.580983,8.580615,8.580493,8.580360,8.580204,8.580089,8.579724,8.579486
"24",24, 69,"SW-937","Strassenbaum","Hirzenbach","Sportanlage Heerenschürli /Ueberlandstr.","Acer","pseudoplatanus","Acer pseudoplatanus","Berg-Ahorn, Wald-Ahorn","SW-937","Strassenbaum (A)",0,"nicht zugeordnet",1978,"Eingemessen", 8,"POINT (2687154.2 1251099.6)","Berg-Ahorn, Wald-Ahorn",2687154,1251100,47.40509,47.40510,47.40510,47.40510,47.40510,47.40510,47.40511,47.40511,47.40511,47.40511,47.40511,47.40512,47.40596,47.40515,47.40495,47.40495,47.40495,47.40495,47.40495,47.40495,47.40495,47.40494,47.40494,47.40494,47.40494,47.40494,47.40494,47.40494,47.40494,47.40494,47.40494,47.40493,47.40493,47.40493,47.40494,47.40506,47.40506,47.40506,47.40506,47.40506,47.40506,47.40506,47.40507,47.40507,47.40507,47.40507,47.40507,47.40507,47.40508,47.40508,8.578369,8.577742,8.577618,8.577495,8.577369,8.577247,8.576746,8.576620,8.576249,8.576117,8.575991,8.575869,8.486445,8.572792,8.592523,8.592576,8.592746,8.592867,8.592848,8.592980,8.593059,8.593179,8.593159,8.593294,8.593373,8.593470,8.593490,8.593686,8.593797,8.593917,8.593996,8.594110,8.594229,8.594764,8.594093,8.581862,8.581740,8.581618,8.581495,8.581367,8.581239,8.581118,8.580985,8.580617,8.580495,8.580363,8.580206,8.580091,8.579727,8.579488
"25",25, 72,"SW-1245","Strassenbaum","Hirzenbach","Sportanlage Heerenschürli 483/Ueberlandstr.","Acer","platanoides","Acer platanoides","Spitz-Ahorn","SW-1245","Strassenbaum (A)",0,"nicht zugeordnet",1978,"Eingemessen", 6,"POINT (2687160.2 1251093.2)","Spitz-Ahorn",2687160,1251093,47.40503,47.40504,47.40504,47.40504,47.40504,47.40504,47.40505,47.40505,47.40505,47.40506,47.40506,47.40506,47.40590,47.40509,47.40489,47.40489,47.40489,47.40489,47.40489,47.40489,47.40489,47.40489,47.40489,47.40489,47.40488,47.40488,47.40488,47.40488,47.40488,47.40488,47.40488,47.40488,47.40488,47.40487,47.40488,47.40500,47.40500,47.40500,47.40500,47.40500,47.40501,47.40501,47.40501,47.40501,47.40501,47.40501,47.40502,47.40502,47.40502,47.40502,8.578368,8.577741,8.577617,8.577493,8.577368,8.577246,8.576745,8.576619,8.576248,8.576116,8.575990,8.575868,8.486444,8.572791,8.592522,8.592575,8.592744,8.592866,8.592846,8.592979,8.593058,8.593177,8.593158,8.593293,8.593372,8.593469,8.593489,8.593685,8.593796,8.593915,8.593995,8.594109,8.594228,8.594763,8.594091,8.581861,8.581739,8.581617,8.581494,8.581365,8.581238,8.581116,8.580984,8.580616,8.580494,8.580361,8.580205,8.580090,8.579725,8.579487
"26",26, 75,"SW-945","Strassenbaum","Hirzenbach","Sportanlage Heerenschürli /Ueberlandstr.","Acer","pseudoplatanus","Acer pseudoplatanus","Berg-Ahorn, Wald-Ahorn","SW-945","Strassenbaum (A)",0,"nicht zugeordnet",1978,"Eingemessen", 6,"POINT (2687167.5 1251078.2)","Berg-Ahorn, Wald-Ahorn",2687168,1251078,47.40490,47.40490,47.40491,47.40491,47.40491,47.40491,47.40491,47.40492,47.40492,47.40492,47.40492,47.40492,47.40577,47.40495,47.40476,47.40476,47.40476,47.40475,47.40475,47.40475,47.40475,47.40475,47.40475,47.40475,47.40475,47.40475,47.40475,47.40475,47.40475,47.40474,47.40474,47.40474,47.40474,47.40474,47.40474,47.40486,47.40487,47.40487,47.40487,47.40487,47.40487,47.40487,47.40487,47.40488,47.40488,47.40488,47.40488,47.40488,47.40489,47.40489,8.578365,8.577738,8.577614,8.577491,8.577365,8.577243,8.576742,8.576616,8.576245,8.576113,8.575987,8.575865,8.486441,8.572788,8.592519,8.592572,8.592741,8.592863,8.592843,8.592976,8.593055,8.593175,8.593155,8.593290,8.593369,8.593466,8.593486,8.593682,8.593793,8.593912,8.593992,8.594106,8.594225,8.594760,8.594089,8.581858,8.581736,8.581614,8.581491,8.581363,8.581235,8.581113,8.580981,8.580613,8.580491,8.580358,8.580202,8.580087,8.579723,8.579484
"27",27, 78,"SW-935","Strassenbaum","Hirzenbach","Sportanlage Heerenschürli /Ueberlandstr.","Acer","pseudoplatanus","Acer pseudoplatanus","Berg-Ahorn, Wald-Ahorn","SW-935","Strassenbaum (A)",0,"nicht zugeordnet",1978,"Eingemessen", 7,"POINT (2687169 1251093.8)","Berg-Ahorn, Wald-Ahorn",2687169,1251094,47.40504,47.40505,47.40505,47.40505,47.40505,47.40505,47.40505,47.40506,47.40506,47.40506,47.40506,47.40506,47.40591,47.40509,47.40490,47.40490,47.40490,47.40490,47.40490,47.40489,47.40489,47.40489,47.40489,47.40489,47.40489,47.40489,47.40489,47.40489,47.40489,47.40488,47.40488,47.40488,47.40488,47.40488,47.40488,47.40500,47.40501,47.40501,47.40501,47.40501,47.40501,47.40501,47.40501,47.40502,47.40502,47.40502,47.40502,47.40502,47.40503,47.40503,8.578368,8.577741,8.577617,8.577494,8.577368,8.577246,8.576745,8.576619,8.576248,8.576116,8.575990,8.575868,8.486444,8.572791,8.592522,8.592575,8.592744,8.592866,8.592846,8.592979,8.593058,8.593178,8.593158,8.593293,8.593372,8.593469,8.593489,8.593685,8.593796,8.593915,8.593995,8.594109,8.594228,8.594763,8.594092,8.581861,8.581739,8.581617,8.581494,8.581366,8.581238,8.581117,8.580984,8.580616,8.580494,8.580361,8.580205,8.580090,8.579726,8.579487
"28",28, 81,"SW-933","Strassenbaum","Hirzenbach","Sportanlage Heerenschürli /Ueberlandstr.","Acer","platanoides","Acer platanoides","Spitz-Ahorn","SW-933","Strassenbaum (A)",0,"nicht zugeordnet",1978,"Eingemessen", 4,"POINT (2687183.8 1251084)","Spitz-Ahorn",2687184,1251084,47.40495,47.40496,47.40496,47.40496,47.40496,47.40496,47.40497,47.40497,47.40497,47.40497,47.40497,47.40498,47.40582,47.40501,47.40481,47.40481,47.40481,47.40481,47.40481,47.40481,47.40481,47.40480,47.40480,47.40480,47.40480,47.40480,47.40480,47.40480,47.40480,47.40480,47.40480,47.40479,47.40479,47.40479,47.40479,47.40492,47.40492,47.40492,47.40492,47.40492,47.40492,47.40492,47.40492,47.40493,47.40493,47.40493,47.40493,47.40493,47.40494,47.40494,8.578366,8.577739,8.577615,8.577492,8.577366,8.577244,8.576743,8.576617,8.576246,8.576114,8.575988,8.575866,8.486442,8.572789,8.592520,8.592573,8.592742,8.592864,8.592844,8.592977,8.593056,8.593176,8.593156,8.593291,8.593370,8.593467,8.593487,8.593683,8.593794,8.593913,8.593993,8.594107,8.594226,8.594761,8.594090,8.581859,8.581737,8.581615,8.581492,8.581364,8.581236,8.581115,8.580982,8.580614,8.580492,8.580360,8.580203,8.580088,8.579724,8.579485
"29",29, 84,"SW-932","Strassenbaum","Hirzenbach","Sportanlage Heerenschürli /Ueberlandstr.","Acer","platanoides","Acer platanoides","Spitz-Ahorn","SW-932","Strassenbaum (A)",0,"nicht zugeordnet",1978,"Eingemessen", 5,"POINT (2687192.2 1251084.6)","Spitz-Ahorn",2687192,1251085,47.40496,47.40496,47.40496,47.40496,47.40497,47.40497,47.40497,47.40497,47.40498,47.40498,47.40498,47.40498,47.40583,47.40501,47.40482,47.40482,47.40481,47.40481,47.40481,47.40481,47.40481,47.40481,47.40481,47.40481,47.40481,47.40481,47.40481,47.40480,47.40480,47.40480,47.40480,47.40480,47.40480,47.40479,47.40480,47.40492,47.40492,47.40492,47.40493,47.40493,47.40493,47.40493,47.40493,47.40493,47.40494,47.40494,47.40494,47.40494,47.40494,47.40495,8.578366,8.577739,8.577615,8.577492,8.577366,8.577244,8.576743,8.576617,8.576247,8.576114,8.575988,8.575866,8.486442,8.572789,8.592520,8.592573,8.592743,8.592864,8.592845,8.592977,8.593057,8.593176,8.593156,8.593291,8.593370,8.593467,8.593487,8.593683,8.593794,8.593914,8.593993,8.594107,8.594226,8.594761,8.594090,8.581859,8.581737,8.581615,8.581492,8.581364,8.581237,8.581115,8.580982,8.580614,8.580492,8.580360,8.580203,8.580088,8.579724,8.579485
"30",30, 87,"SW-931","Strassenbaum","Hirzenbach","Sportanlage Heerenschürli /Ueberlandstr.","Acer","platanoides","Acer platanoides","Spitz-Ahorn","SW-931","Strassenbaum (A)",0,"nicht zugeordnet",1987,"Eingemessen", 6,"POINT (2687201.2 1251081.1)","Spitz-Ahorn",2687201,1251081,47.40492,47.40493,47.40493,47.40493,47.40493,47.40494,47.40494,47.40494,47.40495,47.40495,47.40495,47.40495,47.40579,47.40498,47.40478,47.40478,47.40478,47.40478,47.40478,47.40478,47.40478,47.40478,47.40478,47.40478,47.40478,47.40477,47.40477,47.40477,47.40477,47.40477,47.40477,47.40477,47.40477,47.40476,47.40477,47.40489,47.40489,47.40489,47.40489,47.40490,47.40490,47.40490,47.40490,47.40490,47.40490,47.40491,47.40491,47.40491,47.40491,47.40491,8.578365,8.577739,8.577614,8.577491,8.577365,8.577243,8.576743,8.576617,8.576246,8.576113,8.575988,8.575866,8.486442,8.572789,8.592519,8.592572,8.592742,8.592864,8.592844,8.592976,8.593056,8.593175,8.593155,8.593290,8.593370,8.593466,8.593486,8.593682,8.593794,8.593913,8.593992,8.594106,8.594226,8.594761,8.594089,8.581859,8.581737,8.581615,8.581492,8.581363,8.581236,8.581114,8.580982,8.580613,8.580491,8.580359,8.580203,8.580087,8.579723,8.579485
"31",31, 90,"SW-930","Strassenbaum","Hirzenbach","Sportanlage Heerenschürli /Ueberlandstr.","Acer","platanoides","Acer platanoides","Spitz-Ahorn","SW-930","Strassenbaum (A)",0,"nicht zugeordnet",1978,"Eingemessen", 5,"POINT (2687207.2 1251074.8)","Spitz-Ahorn",2687207,1251075,47.40487,47.40487,47.40488,47.40488,47.40488,47.40488,47.40488,47.40489,47.40489,47.40489,47.40489,47.40489,47.40574,47.40492,47.40473,47.40473,47.40473,47.40472,47.40472,47.40472,47.40472,47.40472,47.40472,47.40472,47.40472,47.40472,47.40472,47.40472,47.40471,47.40471,47.40471,47.40471,47.40471,47.40471,47.40471,47.40483,47.40483,47.40484,47.40484,47.40484,47.40484,47.40484,47.40484,47.40485,47.40485,47.40485,47.40485,47.40485,47.40485,47.40486,8.578364,8.577738,8.577613,8.577490,8.577364,8.577242,8.576741,8.576616,8.576245,8.576112,8.575986,8.575865,8.486441,8.572787,8.592518,8.592571,8.592741,8.592863,8.592843,8.592975,8.593055,8.593174,8.593154,8.593289,8.593369,8.593465,8.593485,8.593681,8.593792,8.593912,8.593991,8.594105,8.594224,8.594759,8.594088,8.581857,8.581735,8.581614,8.581490,8.581362,8.581235,8.581113,8.580980,8.580612,8.580490,8.580358,8.580201,8.580086,8.579722,8.579484
"32",32, 93,"SW-929","Strassenbaum","Hirzenbach","Sportanlage Heerenschürli /Ueberlandstr.","Acer","platanoides","Acer platanoides","Spitz-Ahorn","SW-929","Strassenbaum (A)",0,"nicht zugeordnet",1978,"Eingemessen", 5,"POINT (2687215.8 1251075.4)","Spitz-Ahorn",2687216,1251075,47.40487,47.40488,47.40488,47.40488,47.40488,47.40488,47.40489,47.40489,47.40489,47.40490,47.40490,47.40490,47.40574,47.40493,47.40473,47.40473,47.40473,47.40473,47.40473,47.40473,47.40473,47.40473,47.40473,47.40473,47.40472,47.40472,47.40472,47.40472,47.40472,47.40472,47.40472,47.40472,47.40472,47.40471,47.40472,47.40484,47.40484,47.40484,47.40484,47.40484,47.40485,47.40485,47.40485,47.40485,47.40485,47.40485,47.40486,47.40486,47.40486,47.40486,8.578364,8.577738,8.577613,8.577490,8.577364,8.577242,8.576742,8.576616,8.576245,8.576112,8.575987,8.575865,8.486441,8.572787,8.592518,8.592571,8.592741,8.592863,8.592843,8.592975,8.593055,8.593174,8.593154,8.593289,8.593369,8.593465,8.593485,8.593681,8.593793,8.593912,8.593991,8.594105,8.594224,8.594760,8.594088,8.581857,8.581736,8.581614,8.581490,8.581362,8.581235,8.581113,8.580980,8.580612,8.580490,8.580358,8.580202,8.580086,8.579722,8.579484
"33",33, 96,"SW-928","Strassenbaum","Hirzenbach","Sportanlage Heerenschürli /Ueberlandstr.","Acer","pseudoplatanus","Acer pseudoplatanus","Berg-Ahorn, Wald-Ahorn","SW-928","Strassenbaum (A)",0,"nicht zugeordnet",1978,"Eingemessen", 7,"POINT (2687224.8 1251071.9)","Berg-Ahorn, Wald-Ahorn",2687225,1251072,47.40484,47.40485,47.40485,47.40485,47.40485,47.40485,47.40486,47.40486,47.40486,47.40486,47.40487,47.40487,47.40571,47.40490,47.40470,47.40470,47.40470,47.40470,47.40470,47.40470,47.40470,47.40470,47.40470,47.40469,47.40469,47.40469,47.40469,47.40469,47.40469,47.40469,47.40469,47.40469,47.40468,47.40468,47.40469,47.40481,47.40481,47.40481,47.40481,47.40481,47.40481,47.40481,47.40482,47.40482,47.40482,47.40482,47.40482,47.40482,47.40483,47.40483,8.578364,8.577737,8.577613,8.577489,8.577363,8.577242,8.576741,8.576615,8.576244,8.576112,8.575986,8.575864,8.486440,8.572787,8.592518,8.592571,8.592740,8.592862,8.592842,8.592975,8.593054,8.593173,8.593153,8.593289,8.593368,8.593465,8.593485,8.593681,8.593792,8.593911,8.593991,8.594105,8.594224,8.594759,8.594087,8.581857,8.581735,8.581613,8.581490,8.581361,8.581234,8.581112,8.580980,8.580612,8.580490,8.580357,8.580201,8.580086,8.579721,8.579483
"34",34, 99,"SW-926","Strassenbaum","Hirzenbach","Ueberlandstr.","Liriodendron","tulipifera","Liriodendron tulipifera","Tulpenbaum","SW-926","Strassenbaum",1,"Höhe:>20m, Breite:>10m",2004,"Eingemessen", 4,"POINT (2687265.2 1251058.9)","Tulpenbaum",2687265,1251059,47.40473,47.40473,47.40473,47.40473,47.40473,47.40474,47.40474,47.40474,47.40475,47.40475,47.40475,47.40475,47.40559,47.40478,47.40458,47.40458,47.40458,47.40458,47.40458,47.40458,47.40458,47.40458,47.40458,47.40458,47.40458,47.40458,47.40458,47.40457,47.40457,47.40457,47.40457,47.40457,47.40457,47.40456,47.40457,47.40469,47.40469,47.40469,47.40469,47.40470,47.40470,47.40470,47.40470,47.40470,47.40470,47.40471,47.40471,47.40471,47.40471,47.40471,8.578361,8.577735,8.577610,8.577487,8.577361,8.577239,8.576738,8.576613,8.576242,8.576109,8.575983,8.575861,8.486438,8.572784,8.592515,8.592568,8.592738,8.592859,8.592840,8.592972,8.593052,8.593171,8.593151,8.593286,8.593365,8.593462,8.593482,8.593678,8.593789,8.593909,8.593988,8.594102,8.594221,8.594756,8.594085,8.581854,8.581732,8.581610,8.581487,8.581359,8.581232,8.581110,8.580977,8.580609,8.580487,8.580355,8.580198,8.580083,8.579719,8.579480
"35",35,102,"SW-10168","Strassenbaum","Hirzenbach","Sportanlage Heerenschürli /Ueberlandstr.","Acer","pseudoplatanus","Acer pseudoplatanus","Berg-Ahorn, Wald-Ahorn","SW-10168","Strassenbaum (A)",0,"nicht zugeordnet",2006,"Eingemessen", 4,"POINT (2687214.5 1251059.8)","Berg-Ahorn, Wald-Ahorn",2687214,1251060,47.40473,47.40474,47.40474,47.40474,47.40474,47.40474,47.40475,47.40475,47.40475,47.40476,47.40476,47.40476,47.40560,47.40479,47.40459,47.40459,47.40459,47.40459,47.40459,47.40459,47.40459,47.40459,47.40459,47.40459,47.40458,47.40458,47.40458,47.40458,47.40458,47.40458,47.40458,47.40458,47.40458,47.40457,47.40458,47.40470,47.40470,47.40470,47.40470,47.40470,47.40470,47.40471,47.40471,47.40471,47.40471,47.40471,47.40472,47.40472,47.40472,47.40472,8.578361,8.577735,8.577610,8.577487,8.577361,8.577239,8.576739,8.576613,8.576242,8.576109,8.575984,8.575862,8.486438,8.572784,8.592515,8.592568,8.592738,8.592860,8.592840,8.592972,8.593052,8.593171,8.593151,8.593286,8.593366,8.593462,8.593482,8.593678,8.593790,8.593909,8.593988,8.594102,8.594221,8.594757,8.594085,8.581854,8.581733,8.581611,8.581487,8.581359,8.581232,8.581110,8.580977,8.580609,8.580487,8.580355,8.580199,8.580083,8.579719,8.579481
"36",36,105,"SW-684","Strassenbaum","Schwamendingen-Mitte","Ueberlandstr.","Acer","platanoides","Acer platanoides","Spitz-Ahorn","SW-684","Strassenbaum",0,"nicht zugeordnet",NA,"Eingemessen",17,"POINT (2686291.2 1251437.9)","Spitz-Ahorn",2686291,1251438,47.40813,47.40814,47.40814,47.40814,47.40814,47.40814,47.40815,47.40815,47.40815,47.40816,47.40816,47.40816,47.40900,47.40819,47.40799,47.40799,47.40799,47.40799,47.40799,47.40799,47.40799,47.40799,47.40799,47.40799,47.40798,47.40798,47.40798,47.40798,47.40798,47.40798,47.40798,47.40798,47.40798,47.40797,47.40798,47.40810,47.40810,47.40810,47.40810,47.40810,47.40811,47.40811,47.40811,47.40811,47.40811,47.40811,47.40812,47.40812,47.40812,47.40812,8.578434,8.577807,8.577683,8.577560,8.577434,8.577312,8.576811,8.576685,8.576314,8.576182,8.576056,8.575934,8.486505,8.572857,8.592589,8.592642,8.592811,8.592933,8.592913,8.593046,8.593125,8.593245,8.593225,8.593360,8.593439,8.593536,8.593556,8.593752,8.593863,8.593982,8.594062,8.594176,8.594295,8.594830,8.594159,8.581927,8.581805,8.581684,8.581560,8.581432,8.581305,8.581183,8.581050,8.580682,8.580560,8.580428,8.580271,8.580156,8.579792,8.579553
"37",37,108,"SW-683","Strassenbaum","Schwamendingen-Mitte","Ueberlandstr.","Acer","platanoides","Acer platanoides","Spitz-Ahorn","SW-683","Strassenbaum",0,"nicht zugeordnet",NA,"Eingemessen",14,"POINT (2686282 1251441.2)","Spitz-Ahorn",2686282,1251441,47.40816,47.40817,47.40817,47.40817,47.40817,47.40817,47.40818,47.40818,47.40818,47.40819,47.40819,47.40819,47.40903,47.40822,47.40802,47.40802,47.40802,47.40802,47.40802,47.40802,47.40802,47.40802,47.40802,47.40802,47.40801,47.40801,47.40801,47.40801,47.40801,47.40801,47.40801,47.40801,47.40801,47.40800,47.40801,47.40813,47.40813,47.40813,47.40813,47.40813,47.40813,47.40814,47.40814,47.40814,47.40814,47.40814,47.40815,47.40815,47.40815,47.40815,8.578435,8.577808,8.577684,8.577560,8.577434,8.577313,8.576812,8.576686,8.576315,8.576183,8.576057,8.575935,8.486505,8.572857,8.592589,8.592642,8.592812,8.592934,8.592914,8.593047,8.593126,8.593245,8.593225,8.593360,8.593440,8.593537,8.593557,8.593753,8.593864,8.593983,8.594063,8.594177,8.594296,8.594831,8.594159,8.581928,8.581806,8.581684,8.581561,8.581433,8.581305,8.581183,8.581051,8.580683,8.580561,8.580428,8.580272,8.580157,8.579793,8.579554
"38",38,111,"SW-682","Strassenbaum","Schwamendingen-Mitte","Ueberlandstr.","Acer","platanoides","Acer platanoides","Spitz-Ahorn","SW-682","Strassenbaum",0,"nicht zugeordnet",1998,"Eingemessen", 6,"POINT (2686272.8 1251444.4)","Spitz-Ahorn",2686273,1251444,47.40819,47.40820,47.40820,47.40820,47.40820,47.40820,47.40821,47.40821,47.40821,47.40821,47.40822,47.40822,47.40906,47.40825,47.40805,47.40805,47.40805,47.40805,47.40805,47.40805,47.40805,47.40805,47.40805,47.40804,47.40804,47.40804,47.40804,47.40804,47.40804,47.40804,47.40804,47.40804,47.40803,47.40803,47.40804,47.40816,47.40816,47.40816,47.40816,47.40816,47.40816,47.40816,47.40817,47.40817,47.40817,47.40817,47.40817,47.40817,47.40818,47.40818,8.578435,8.577809,8.577684,8.577561,8.577435,8.577313,8.576812,8.576687,8.576316,8.576183,8.576057,8.575935,8.486506,8.572858,8.592590,8.592643,8.592813,8.592935,8.592915,8.593047,8.593127,8.593246,8.593226,8.593361,8.593441,8.593537,8.593557,8.593753,8.593865,8.593984,8.594063,8.594177,8.594296,8.594832,8.594160,8.581929,8.581807,8.581685,8.581562,8.581433,8.581306,8.581184,8.581052,8.580683,8.580561,8.580429,8.580273,8.580157,8.579793,8.579555
"39",39,114,"SW-681","Strassenbaum","Schwamendingen-Mitte","Ueberlandstr.","Acer","platanoides","Acer platanoides","Spitz-Ahorn","SW-681","Strassenbaum",0,"nicht zugeordnet",1998,"Eingemessen", 5,"POINT (2686263.5 1251447.6)","Spitz-Ahorn",2686264,1251448,47.40822,47.40823,47.40823,47.40823,47.40823,47.40823,47.40824,47.40824,47.40824,47.40824,47.40824,47.40825,47.40909,47.40828,47.40808,47.40808,47.40808,47.40808,47.40808,47.40808,47.40807,47.40807,47.40807,47.40807,47.40807,47.40807,47.40807,47.40807,47.40807,47.40807,47.40807,47.40806,47.40806,47.40806,47.40806,47.40819,47.40819,47.40819,47.40819,47.40819,47.40819,47.40819,47.40819,47.40820,47.40820,47.40820,47.40820,47.40820,47.40821,47.40821,8.578436,8.577809,8.577685,8.577562,8.577436,8.577314,8.576813,8.576687,8.576316,8.576184,8.576058,8.575936,8.486506,8.572859,8.592591,8.592644,8.592813,8.592935,8.592915,8.593048,8.593127,8.593246,8.593227,8.593362,8.593441,8.593538,8.593558,8.593754,8.593865,8.593984,8.594064,8.594178,8.594297,8.594832,8.594161,8.581929,8.581807,8.581685,8.581562,8.581434,8.581307,8.581185,8.581052,8.580684,8.580562,8.580430,8.580273,8.580158,8.579794,8.579555
"40",40,117,"SW-680","Strassenbaum","Schwamendingen-Mitte","Ueberlandstr.","Acer","platanoides","Acer platanoides","Spitz-Ahorn","SW-680","Strassenbaum",0,"nicht zugeordnet",NA,"Eingemessen",17,"POINT (2686253.8 1251451.1)","Spitz-Ahorn",2686254,1251451,47.40825,47.40826,47.40826,47.40826,47.40826,47.40826,47.40827,47.40827,47.40827,47.40827,47.40828,47.40828,47.40912,47.40831,47.40811,47.40811,47.40811,47.40811,47.40811,47.40811,47.40811,47.40811,47.40811,47.40810,47.40810,47.40810,47.40810,47.40810,47.40810,47.40810,47.40810,47.40810,47.40809,47.40809,47.40810,47.40822,47.40822,47.40822,47.40822,47.40822,47.40822,47.40823,47.40823,47.40823,47.40823,47.40823,47.40823,47.40824,47.40824,47.40824,8.578437,8.577810,8.577685,8.577562,8.577436,8.577314,8.576814,8.576688,8.576317,8.576184,8.576059,8.575937,8.486507,8.572859,8.592591,8.592644,8.592814,8.592936,8.592916,8.593048,8.593128,8.593247,8.593227,8.593362,8.593442,8.593539,8.593558,8.593755,8.593866,8.593985,8.594065,8.594178,8.594298,8.594833,8.594161,8.581930,8.581808,8.581686,8.581563,8.581434,8.581307,8.581185,8.581053,8.580685,8.580563,8.580430,8.580274,8.580159,8.579794,8.579556
"41",41,120,"SW-1244","Strassenbaum","Schwamendingen-Mitte","Ueberlandstr. 337","Acer","platanoides","Acer platanoides 'Eurostar'","Spitz-Ahorn","SW-1244","Strassenbaum",0,"nicht zugeordnet",2006,"Eingemessen", 4,"POINT (2686244.2 1251454)","Spitz-Ahorn",2686244,1251454,47.40828,47.40828,47.40829,47.40829,47.40829,47.40829,47.40829,47.40830,47.40830,47.40830,47.40830,47.40830,47.40915,47.40833,47.40814,47.40814,47.40814,47.40813,47.40813,47.40813,47.40813,47.40813,47.40813,47.40813,47.40813,47.40813,47.40813,47.40813,47.40813,47.40812,47.40812,47.40812,47.40812,47.40812,47.40812,47.40824,47.40825,47.40825,47.40825,47.40825,47.40825,47.40825,47.40825,47.40826,47.40826,47.40826,47.40826,47.40826,47.40826,47.40827,8.578437,8.577810,8.577686,8.577563,8.577437,8.577315,8.576814,8.576688,8.576318,8.576185,8.576059,8.575937,8.486508,8.572860,8.592592,8.592645,8.592815,8.592936,8.592917,8.593049,8.593128,8.593248,8.593228,8.593363,8.593442,8.593539,8.593559,8.593755,8.593866,8.593986,8.594065,8.594179,8.594298,8.594833,8.594162,8.581930,8.581809,8.581687,8.581564,8.581435,8.581308,8.581186,8.581053,8.580685,8.580563,8.580431,8.580275,8.580159,8.579795,8.579557
"42",42,123,"SW-678","Strassenbaum","Schwamendingen-Mitte","Ueberlandstr.","Acer","platanoides","Acer platanoides","Spitz-Ahorn","SW-678","Strassenbaum",0,"nicht zugeordnet",NA,"Eingemessen",18,"POINT (2686235 1251457.9)","Spitz-Ahorn",2686235,1251458,47.40831,47.40832,47.40832,47.40832,47.40832,47.40832,47.40833,47.40833,47.40833,47.40834,47.40834,47.40834,47.40918,47.40837,47.40817,47.40817,47.40817,47.40817,47.40817,47.40817,47.40817,47.40817,47.40817,47.40817,47.40816,47.40816,47.40816,47.40816,47.40816,47.40816,47.40816,47.40816,47.40816,47.40815,47.40816,47.40828,47.40828,47.40828,47.40828,47.40828,47.40829,47.40829,47.40829,47.40829,47.40829,47.40829,47.40830,47.40830,47.40830,47.40830,8.578438,8.577811,8.577687,8.577564,8.577438,8.577316,8.576815,8.576689,8.576318,8.576186,8.576060,8.575938,8.486508,8.572861,8.592593,8.592646,8.592815,8.592937,8.592917,8.593050,8.593129,8.593248,8.593229,8.593364,8.593443,8.593540,8.593560,8.593756,8.593867,8.593986,8.594066,8.594180,8.594299,8.594834,8.594163,8.581931,8.581809,8.581687,8.581564,8.581436,8.581309,8.581187,8.581054,8.580686,8.580564,8.580432,8.580275,8.580160,8.579796,8.579557
"43",43,126,"SW-677","Strassenbaum","Schwamendingen-Mitte","Ueberlandstr.","Acer","platanoides","Acer platanoides","Spitz-Ahorn","SW-677","Strassenbaum",0,"nicht zugeordnet",1998,"Eingemessen", 6,"POINT (2686225 1251461.4)","Spitz-Ahorn",2686225,1251461,47.40834,47.40835,47.40835,47.40835,47.40835,47.40836,47.40836,47.40836,47.40837,47.40837,47.40837,47.40837,47.40921,47.40840,47.40820,47.40820,47.40820,47.40820,47.40820,47.40820,47.40820,47.40820,47.40820,47.40820,47.40820,47.40819,47.40819,47.40819,47.40819,47.40819,47.40819,47.40819,47.40819,47.40818,47.40819,47.40831,47.40831,47.40831,47.40831,47.40832,47.40832,47.40832,47.40832,47.40832,47.40832,47.40833,47.40833,47.40833,47.40833,47.40833,8.578439,8.577812,8.577687,8.577564,8.577438,8.577316,8.576816,8.576690,8.576319,8.576186,8.576061,8.575939,8.486509,8.572861,8.592593,8.592646,8.592816,8.592938,8.592918,8.593050,8.593130,8.593249,8.593229,8.593364,8.593444,8.593541,8.593560,8.593757,8.593868,8.593987,8.594067,8.594180,8.594300,8.594835,8.594163,8.581932,8.581810,8.581688,8.581565,8.581436,8.581309,8.581187,8.581055,8.580687,8.580565,8.580432,8.580276,8.580161,8.579796,8.579558
"44",44,129,"SW-668","Strassenbaum","Schwamendingen-Mitte","Ueberlandstr. 329","Acer","pseudoplatanus","Acer pseudoplatanus","Berg-Ahorn, Wald-Ahorn","SW-668","Strassenbaum",0,"nicht zugeordnet",NA,"Eingemessen",16,"POINT (2686197.2 1251471.2)","Berg-Ahorn, Wald-Ahorn",2686197,1251471,47.40843,47.40844,47.40844,47.40844,47.40844,47.40844,47.40845,47.40845,47.40845,47.40846,47.40846,47.40846,47.40930,47.40849,47.40829,47.40829,47.40829,47.40829,47.40829,47.40829,47.40829,47.40829,47.40829,47.40828,47.40828,47.40828,47.40828,47.40828,47.40828,47.40828,47.40828,47.40828,47.40828,47.40827,47.40828,47.40840,47.40840,47.40840,47.40840,47.40840,47.40840,47.40841,47.40841,47.40841,47.40841,47.40841,47.40841,47.40842,47.40842,47.40842,8.578440,8.577814,8.577689,8.577566,8.577440,8.577318,8.576818,8.576692,8.576321,8.576188,8.576062,8.575941,8.486511,8.572863,8.592595,8.592648,8.592818,8.592940,8.592920,8.593052,8.593132,8.593251,8.593231,8.593366,8.593446,8.593543,8.593562,8.593758,8.593870,8.593989,8.594068,8.594182,8.594302,8.594837,8.594165,8.581934,8.581812,8.581690,8.581567,8.581438,8.581311,8.581189,8.581057,8.580689,8.580567,8.580434,8.580278,8.580163,8.579798,8.579560
"45",45,132,"SW-667","Strassenbaum","Schwamendingen-Mitte","Ueberlandstr.","Acer","platanoides","Acer platanoides","Spitz-Ahorn","SW-667","Strassenbaum",0,"nicht zugeordnet",NA,"Eingemessen", 6,"POINT (2686188 1251474.6)","Spitz-Ahorn",2686188,1251475,47.40846,47.40847,47.40847,47.40847,47.40847,47.40847,47.40848,47.40848,47.40848,47.40849,47.40849,47.40849,47.40933,47.40852,47.40832,47.40832,47.40832,47.40832,47.40832,47.40832,47.40832,47.40832,47.40832,47.40832,47.40831,47.40831,47.40831,47.40831,47.40831,47.40831,47.40831,47.40831,47.40831,47.40830,47.40831,47.40843,47.40843,47.40843,47.40843,47.40843,47.40844,47.40844,47.40844,47.40844,47.40844,47.40844,47.40845,47.40845,47.40845,47.40845,8.578441,8.577814,8.577690,8.577567,8.577441,8.577319,8.576818,8.576692,8.576321,8.576189,8.576063,8.575941,8.486511,8.572864,8.592596,8.592649,8.592819,8.592940,8.592921,8.593053,8.593133,8.593252,8.593232,8.593367,8.593446,8.593543,8.593563,8.593759,8.593870,8.593990,8.594069,8.594183,8.594302,8.594837,8.594166,8.581934,8.581813,8.581691,8.581567,8.581439,8.581312,8.581190,8.581057,8.580689,8.580567,8.580435,8.580278,8.580163,8.579799,8.579560
"46",46,135,"SW-666","Strassenbaum","Schwamendingen-Mitte","Ueberlandstr. 159","Acer","platanoides","Acer platanoides","Spitz-Ahorn","SW-666","Strassenbaum",0,"nicht zugeordnet",NA,"Eingemessen",14,"POINT (2686178 1251478.2)","Spitz-Ahorn",2686178,1251478,47.40850,47.40850,47.40850,47.40850,47.40851,47.40851,47.40851,47.40851,47.40852,47.40852,47.40852,47.40852,47.40937,47.40855,47.40836,47.40835,47.40835,47.40835,47.40835,47.40835,47.40835,47.40835,47.40835,47.40835,47.40835,47.40835,47.40835,47.40834,47.40834,47.40834,47.40834,47.40834,47.40834,47.40833,47.40834,47.40846,47.40846,47.40846,47.40847,47.40847,47.40847,47.40847,47.40847,47.40847,47.40847,47.40848,47.40848,47.40848,47.40848,47.40848,8.578442,8.577815,8.577691,8.577567,8.577442,8.577320,8.576819,8.576693,8.576322,8.576190,8.576064,8.575942,8.486512,8.572865,8.592597,8.592650,8.592819,8.592941,8.592921,8.593054,8.593133,8.593252,8.593233,8.593368,8.593447,8.593544,8.593564,8.593760,8.593871,8.593990,8.594070,8.594184,8.594303,8.594838,8.594167,8.581935,8.581813,8.581691,8.581568,8.581440,8.581312,8.581191,8.581058,8.580690,8.580568,8.580436,8.580279,8.580164,8.579800,8.579561
"47",47,138,"SW-665","Strassenbaum","Schwamendingen-Mitte","Ueberlandstr.","Acer","platanoides","Acer platanoides","Spitz-Ahorn","SW-665","Strassenbaum",0,"nicht zugeordnet",1998,"Eingemessen", 5,"POINT (2686166.2 1251482.4)","Spitz-Ahorn",2686166,1251482,47.40853,47.40854,47.40854,47.40854,47.40854,47.40854,47.40855,47.40855,47.40855,47.40856,47.40856,47.40856,47.40940,47.40859,47.40839,47.40839,47.40839,47.40839,47.40839,47.40839,47.40839,47.40839,47.40839,47.40839,47.40838,47.40838,47.40838,47.40838,47.40838,47.40838,47.40838,47.40838,47.40838,47.40837,47.40838,47.40850,47.40850,47.40850,47.40850,47.40850,47.40851,47.40851,47.40851,47.40851,47.40851,47.40851,47.40852,47.40852,47.40852,47.40852,8.578443,8.577816,8.577691,8.577568,8.577442,8.577321,8.576820,8.576694,8.576323,8.576190,8.576065,8.575943,8.486513,8.572865,8.592598,8.592650,8.592820,8.592942,8.592922,8.593055,8.593134,8.593253,8.593233,8.593369,8.593448,8.593545,8.593565,8.593761,8.593872,8.593991,8.594071,8.594185,8.594304,8.594839,8.594167,8.581936,8.581814,8.581692,8.581569,8.581440,8.581313,8.581191,8.581059,8.580691,8.580569,8.580436,8.580280,8.580165,8.579800,8.579562
"48",48,141,"SW-664","Strassenbaum","Schwamendingen-Mitte","Ueberlandstr.","Acer","platanoides","Acer platanoides 'Faassen's Black'","Spitz-Ahorn","SW-664","Strassenbaum",4,"Höhe:10-20m, Breite:<10m",1995,"Eingemessen", 5,"POINT (2686157.5 1251485.5)","Spitz-Ahorn",2686158,1251486,47.40856,47.40857,47.40857,47.40857,47.40857,47.40857,47.40858,47.40858,47.40858,47.40858,47.40859,47.40859,47.40943,47.40862,47.40842,47.40842,47.40842,47.40842,47.40842,47.40842,47.40842,47.40841,47.40841,47.40841,47.40841,47.40841,47.40841,47.40841,47.40841,47.40841,47.40841,47.40841,47.40840,47.40840,47.40841,47.40853,47.40853,47.40853,47.40853,47.40853,47.40853,47.40853,47.40854,47.40854,47.40854,47.40854,47.40854,47.40854,47.40855,47.40855,8.578443,8.577817,8.577692,8.577569,8.577443,8.577321,8.576820,8.576694,8.576324,8.576191,8.576065,8.575943,8.486513,8.572866,8.592598,8.592651,8.592821,8.592943,8.592923,8.593055,8.593135,8.593254,8.593234,8.593369,8.593449,8.593545,8.593565,8.593761,8.593873,8.593992,8.594071,8.594185,8.594304,8.594840,8.594168,8.581937,8.581815,8.581693,8.581570,8.581441,8.581314,8.581192,8.581060,8.580691,8.580569,8.580437,8.580281,8.580165,8.579801,8.579563
"49",49,144,"SW-9394","Strassenbaum","Schwamendingen-Mitte","Ueberlandstr. 327","Acer","platanoides","Acer platanoides 'Eurostar'","Spitz-Ahorn","SW-9394","Strassenbaum",0,"nicht zugeordnet",2006,"Eingemessen", 5,"POINT (2686130 1251495)","Spitz-Ahorn",2686130,1251495,47.40865,47.40865,47.40865,47.40866,47.40866,47.40866,47.40866,47.40866,47.40867,47.40867,47.40867,47.40867,47.40952,47.40870,47.40851,47.40851,47.40850,47.40850,47.40850,47.40850,47.40850,47.40850,47.40850,47.40850,47.40850,47.40850,47.40850,47.40849,47.40849,47.40849,47.40849,47.40849,47.40849,47.40848,47.40849,47.40861,47.40861,47.40861,47.40862,47.40862,47.40862,47.40862,47.40862,47.40862,47.40863,47.40863,47.40863,47.40863,47.40863,47.40864,8.578445,8.577818,8.577694,8.577571,8.577445,8.577323,8.576822,8.576696,8.576325,8.576193,8.576067,8.575945,8.486515,8.572868,8.592600,8.592653,8.592823,8.592944,8.592925,8.593057,8.593136,8.593256,8.593236,8.593371,8.593450,8.593547,8.593567,8.593763,8.593874,8.593994,8.594073,8.594187,8.594306,8.594841,8.594170,8.581938,8.581816,8.581695,8.581571,8.581443,8.581316,8.581194,8.581061,8.580693,8.580571,8.580439,8.580282,8.580167,8.579803,8.579564
"50",50,147,"SW-659","Strassenbaum","Schwamendingen-Mitte","Ueberlandstr.","Acer","pseudoplatanus","Acer pseudoplatanus","Berg-Ahorn, Wald-Ahorn","SW-659","Strassenbaum",0,"nicht zugeordnet",1994,"Eingemessen", 9,"POINT (2686112 1251501.5)","Berg-Ahorn, Wald-Ahorn",2686112,1251502,47.40871,47.40871,47.40871,47.40871,47.40872,47.40872,47.40872,47.40872,47.40873,47.40873,47.40873,47.40873,47.40958,47.40876,47.40857,47.40856,47.40856,47.40856,47.40856,47.40856,47.40856,47.40856,47.40856,47.40856,47.40856,47.40856,47.40856,47.40855,47.40855,47.40855,47.40855,47.40855,47.40855,47.40854,47.40855,47.40867,47.40867,47.40867,47.40867,47.40868,47.40868,47.40868,47.40868,47.40868,47.40868,47.40869,47.40869,47.40869,47.40869,47.40869,8.578446,8.577820,8.577695,8.577572,8.577446,8.577324,8.576823,8.576698,8.576327,8.576194,8.576068,8.575946,8.486516,8.572869,8.592601,8.592654,8.592824,8.592946,8.592926,8.593058,8.593138,8.593257,8.593237,8.593372,8.593452,8.593548,8.593568,8.593764,8.593876,8.593995,8.594074,8.594188,8.594308,8.594843,8.594171,8.581940,8.581818,8.581696,8.581573,8.581444,8.581317,8.581195,8.581063,8.580694,8.580572,8.580440,8.580284,8.580168,8.579804,8.579566
